Name,Date,Location,Type,Region
Black and Boujee Panel Discussion,1/28/2024, Bainbridge Island Museum of Art,Readings & Lectures,West
Black and Boujee Panel Discussion,1/28/2024, Bainbridge Island Museum of Art,Readings & Lectures,West
Quixote Nuevo,Now through 2/11/2024, Seattle Rep,Theatre,Queen Anne / Seattle Center
Quixote Nuevo,Now through 2/11/2024, Seattle Rep,Theatre,Queen Anne / Seattle Center
Antonio M. Gomez: LINEAJES,Now through 3/10/2024, Frye Art Museum,Museums,Capitol Hill / Central District
Antonio M. Gomez: LINEAJES,Now through 3/10/2024, Frye Art Museum,Museums,Capitol Hill / Central District
Guitar Gallery,Ongoing, MoPOP Museum of Pop Culture,Museums,Queen Anne / Seattle Center
Guitar Gallery,Ongoing, MoPOP Museum of Pop Culture,Museums,Queen Anne / Seattle Center
Life on the Edge,Ongoing, Seattle Aquarium,Museums,Downtown
Life on the Edge,Ongoing, Seattle Aquarium,Museums,Downtown
Bailen,2/22/2024, The Crocodile,Music,Downtown
Bailen,2/22/2024, The Crocodile,Music,Downtown
Mayer Hawthorne,2/9/2024, The Neptune Theatre,Music,University District
Mayer Hawthorne,2/9/2024, The Neptune Theatre,Music,University District
Seattle Kraken vs. Columbus Blue Jackets,1/28/2024, Climate Pledge Arena,Sports,Queen Anne / Seattle Center
Seattle Kraken vs. Columbus Blue Jackets,1/28/2024, Climate Pledge Arena,Sports,Queen Anne / Seattle Center
Kazu Kibuishi with Donna Barba Higuera,2/6/2024, Town Hall Seattle,Readings & Lectures,Downtown
Kazu Kibuishi with Donna Barba Higuera,2/6/2024, Town Hall Seattle,Readings & Lectures,Downtown
Black and Boujee Panel Discussion,1/28/2024, Bainbridge Island Museum of Art,Readings & Lectures,West
Black and Boujee Panel Discussion,1/28/2024, Bainbridge Island Museum of Art,Readings & Lectures,West
Quixote Nuevo,Now through 2/11/2024, Seattle Rep,Theatre,Queen Anne / Seattle Center
Quixote Nuevo,Now through 2/11/2024, Seattle Rep,Theatre,Queen Anne / Seattle Center
Antonio M. Gomez: LINEAJES,Now through 3/10/2024, Frye Art Museum,Museums,Capitol Hill / Central District
Antonio M. Gomez: LINEAJES,Now through 3/10/2024, Frye Art Museum,Museums,Capitol Hill / Central District
Guitar Gallery,Ongoing, MoPOP Museum of Pop Culture,Museums,Queen Anne / Seattle Center
Guitar Gallery,Ongoing, MoPOP Museum of Pop Culture,Museums,Queen Anne / Seattle Center
Life on the Edge,Ongoing, Seattle Aquarium,Museums,Downtown
Life on the Edge,Ongoing, Seattle Aquarium,Museums,Downtown
Bailen,2/22/2024, The Crocodile,Music,Downtown
Bailen,2/22/2024, The Crocodile,Music,Downtown
Mayer Hawthorne,2/9/2024, The Neptune Theatre,Music,University District
Mayer Hawthorne,2/9/2024, The Neptune Theatre,Music,University District
Seattle Kraken vs. Columbus Blue Jackets,1/28/2024, Climate Pledge Arena,Sports,Queen Anne / Seattle Center
Seattle Kraken vs. Columbus Blue Jackets,1/28/2024, Climate Pledge Arena,Sports,Queen Anne / Seattle Center
Kazu Kibuishi with Donna Barba Higuera,2/6/2024, Town Hall Seattle,Readings & Lectures,Downtown
Kazu Kibuishi with Donna Barba Higuera,2/6/2024, Town Hall Seattle,Readings & Lectures,Downtown
Black and Boujee Panel Discussion,1/28/2024, Bainbridge Island Museum of Art,Readings & Lectures,West
Black and Boujee Panel Discussion,1/28/2024, Bainbridge Island Museum of Art,Readings & Lectures,West
Quixote Nuevo,Now through 2/11/2024, Seattle Rep,Theatre,Queen Anne / Seattle Center
Quixote Nuevo,Now through 2/11/2024, Seattle Rep,Theatre,Queen Anne / Seattle Center
Antonio M. Gomez: LINEAJES,Now through 3/10/2024, Frye Art Museum,Museums,Capitol Hill / Central District
Antonio M. Gomez: LINEAJES,Now through 3/10/2024, Frye Art Museum,Museums,Capitol Hill / Central District
Guitar Gallery,Ongoing, MoPOP Museum of Pop Culture,Museums,Queen Anne / Seattle Center
Guitar Gallery,Ongoing, MoPOP Museum of Pop Culture,Museums,Queen Anne / Seattle Center
Life on the Edge,Ongoing, Seattle Aquarium,Museums,Downtown
Life on the Edge,Ongoing, Seattle Aquarium,Museums,Downtown
Bailen,2/22/2024, The Crocodile,Music,Downtown
Bailen,2/22/2024, The Crocodile,Music,Downtown
Mayer Hawthorne,2/9/2024, The Neptune Theatre,Music,University District
Mayer Hawthorne,2/9/2024, The Neptune Theatre,Music,University District
Seattle Kraken vs. Columbus Blue Jackets,1/28/2024, Climate Pledge Arena,Sports,Queen Anne / Seattle Center
Seattle Kraken vs. Columbus Blue Jackets,1/28/2024, Climate Pledge Arena,Sports,Queen Anne / Seattle Center
Kazu Kibuishi with Donna Barba Higuera,2/6/2024, Town Hall Seattle,Readings & Lectures,Downtown
Kazu Kibuishi with Donna Barba Higuera,2/6/2024, Town Hall Seattle,Readings & Lectures,Downtown
Black and Boujee Panel Discussion,1/28/2024, Bainbridge Island Museum of Art,Readings & Lectures,West
Black and Boujee Panel Discussion,1/28/2024, Bainbridge Island Museum of Art,Readings & Lectures,West
Quixote Nuevo,Now through 2/11/2024, Seattle Rep,Theatre,Queen Anne / Seattle Center
Quixote Nuevo,Now through 2/11/2024, Seattle Rep,Theatre,Queen Anne / Seattle Center
Antonio M. Gomez: LINEAJES,Now through 3/10/2024, Frye Art Museum,Museums,Capitol Hill / Central District
Antonio M. Gomez: LINEAJES,Now through 3/10/2024, Frye Art Museum,Museums,Capitol Hill / Central District
Guitar Gallery,Ongoing, MoPOP Museum of Pop Culture,Museums,Queen Anne / Seattle Center
Guitar Gallery,Ongoing, MoPOP Museum of Pop Culture,Museums,Queen Anne / Seattle Center
Life on the Edge,Ongoing, Seattle Aquarium,Museums,Downtown
Life on the Edge,Ongoing, Seattle Aquarium,Museums,Downtown
Bailen,2/22/2024, The Crocodile,Music,Downtown
Bailen,2/22/2024, The Crocodile,Music,Downtown
Mayer Hawthorne,2/9/2024, The Neptune Theatre,Music,University District
Mayer Hawthorne,2/9/2024, The Neptune Theatre,Music,University District
Seattle Kraken vs. Columbus Blue Jackets,1/28/2024, Climate Pledge Arena,Sports,Queen Anne / Seattle Center
Seattle Kraken vs. Columbus Blue Jackets,1/28/2024, Climate Pledge Arena,Sports,Queen Anne / Seattle Center
Kazu Kibuishi with Donna Barba Higuera,2/6/2024, Town Hall Seattle,Readings & Lectures,Downtown
Kazu Kibuishi with Donna Barba Higuera,2/6/2024, Town Hall Seattle,Readings & Lectures,Downtown
Black and Boujee Panel Discussion,1/28/2024, Bainbridge Island Museum of Art,Readings & Lectures,West
Black and Boujee Panel Discussion,1/28/2024, Bainbridge Island Museum of Art,Readings & Lectures,West
Quixote Nuevo,Now through 2/11/2024, Seattle Rep,Theatre,Queen Anne / Seattle Center
Quixote Nuevo,Now through 2/11/2024, Seattle Rep,Theatre,Queen Anne / Seattle Center
Antonio M. Gomez: LINEAJES,Now through 3/10/2024, Frye Art Museum,Museums,Capitol Hill / Central District
Antonio M. Gomez: LINEAJES,Now through 3/10/2024, Frye Art Museum,Museums,Capitol Hill / Central District
Guitar Gallery,Ongoing, MoPOP Museum of Pop Culture,Museums,Queen Anne / Seattle Center
Guitar Gallery,Ongoing, MoPOP Museum of Pop Culture,Museums,Queen Anne / Seattle Center
Life on the Edge,Ongoing, Seattle Aquarium,Museums,Downtown
Life on the Edge,Ongoing, Seattle Aquarium,Museums,Downtown
Bailen,2/22/2024, The Crocodile,Music,Downtown
Bailen,2/22/2024, The Crocodile,Music,Downtown
Mayer Hawthorne,2/9/2024, The Neptune Theatre,Music,University District
Mayer Hawthorne,2/9/2024, The Neptune Theatre,Music,University District
Seattle Kraken vs. Columbus Blue Jackets,1/28/2024, Climate Pledge Arena,Sports,Queen Anne / Seattle Center
Seattle Kraken vs. Columbus Blue Jackets,1/28/2024, Climate Pledge Arena,Sports,Queen Anne / Seattle Center
Kazu Kibuishi with Donna Barba Higuera,2/6/2024, Town Hall Seattle,Readings & Lectures,Downtown
Kazu Kibuishi with Donna Barba Higuera,2/6/2024, Town Hall Seattle,Readings & Lectures,Downtown
Black and Boujee Panel Discussion,1/28/2024, Bainbridge Island Museum of Art,Readings & Lectures,West
Black and Boujee Panel Discussion,1/28/2024, Bainbridge Island Museum of Art,Readings & Lectures,West
Quixote Nuevo,Now through 2/11/2024, Seattle Rep,Theatre,Queen Anne / Seattle Center
Quixote Nuevo,Now through 2/11/2024, Seattle Rep,Theatre,Queen Anne / Seattle Center
Antonio M. Gomez: LINEAJES,Now through 3/10/2024, Frye Art Museum,Museums,Capitol Hill / Central District
Antonio M. Gomez: LINEAJES,Now through 3/10/2024, Frye Art Museum,Museums,Capitol Hill / Central District
Guitar Gallery,Ongoing, MoPOP Museum of Pop Culture,Museums,Queen Anne / Seattle Center
Guitar Gallery,Ongoing, MoPOP Museum of Pop Culture,Museums,Queen Anne / Seattle Center
Life on the Edge,Ongoing, Seattle Aquarium,Museums,Downtown
Life on the Edge,Ongoing, Seattle Aquarium,Museums,Downtown
Bailen,2/22/2024, The Crocodile,Music,Downtown
Bailen,2/22/2024, The Crocodile,Music,Downtown
Mayer Hawthorne,2/9/2024, The Neptune Theatre,Music,University District
Mayer Hawthorne,2/9/2024, The Neptune Theatre,Music,University District
Seattle Kraken vs. Columbus Blue Jackets,1/28/2024, Climate Pledge Arena,Sports,Queen Anne / Seattle Center
Seattle Kraken vs. Columbus Blue Jackets,1/28/2024, Climate Pledge Arena,Sports,Queen Anne / Seattle Center
Kazu Kibuishi with Donna Barba Higuera,2/6/2024, Town Hall Seattle,Readings & Lectures,Downtown
Kazu Kibuishi with Donna Barba Higuera,2/6/2024, Town Hall Seattle,Readings & Lectures,Downtown
Black and Boujee Panel Discussion,1/28/2024, Bainbridge Island Museum of Art,Readings & Lectures,West
Black and Boujee Panel Discussion,1/28/2024, Bainbridge Island Museum of Art,Readings & Lectures,West
Quixote Nuevo,Now through 2/11/2024, Seattle Rep,Theatre,Queen Anne / Seattle Center
Quixote Nuevo,Now through 2/11/2024, Seattle Rep,Theatre,Queen Anne / Seattle Center
Antonio M. Gomez: LINEAJES,Now through 3/10/2024, Frye Art Museum,Museums,Capitol Hill / Central District
Antonio M. Gomez: LINEAJES,Now through 3/10/2024, Frye Art Museum,Museums,Capitol Hill / Central District
Guitar Gallery,Ongoing, MoPOP Museum of Pop Culture,Museums,Queen Anne / Seattle Center
Guitar Gallery,Ongoing, MoPOP Museum of Pop Culture,Museums,Queen Anne / Seattle Center
Life on the Edge,Ongoing, Seattle Aquarium,Museums,Downtown
Life on the Edge,Ongoing, Seattle Aquarium,Museums,Downtown
Bailen,2/22/2024, The Crocodile,Music,Downtown
Bailen,2/22/2024, The Crocodile,Music,Downtown
Mayer Hawthorne,2/9/2024, The Neptune Theatre,Music,University District
Mayer Hawthorne,2/9/2024, The Neptune Theatre,Music,University District
Seattle Kraken vs. Columbus Blue Jackets,1/28/2024, Climate Pledge Arena,Sports,Queen Anne / Seattle Center
Seattle Kraken vs. Columbus Blue Jackets,1/28/2024, Climate Pledge Arena,Sports,Queen Anne / Seattle Center
Kazu Kibuishi with Donna Barba Higuera,2/6/2024, Town Hall Seattle,Readings & Lectures,Downtown
Kazu Kibuishi with Donna Barba Higuera,2/6/2024, Town Hall Seattle,Readings & Lectures,Downtown
Black and Boujee Panel Discussion,1/28/2024, Bainbridge Island Museum of Art,Readings & Lectures,West
Black and Boujee Panel Discussion,1/28/2024, Bainbridge Island Museum of Art,Readings & Lectures,West
Quixote Nuevo,Now through 2/11/2024, Seattle Rep,Theatre,Queen Anne / Seattle Center
Quixote Nuevo,Now through 2/11/2024, Seattle Rep,Theatre,Queen Anne / Seattle Center
Antonio M. Gomez: LINEAJES,Now through 3/10/2024, Frye Art Museum,Museums,Capitol Hill / Central District
Antonio M. Gomez: LINEAJES,Now through 3/10/2024, Frye Art Museum,Museums,Capitol Hill / Central District
Guitar Gallery,Ongoing, MoPOP Museum of Pop Culture,Museums,Queen Anne / Seattle Center
Guitar Gallery,Ongoing, MoPOP Museum of Pop Culture,Museums,Queen Anne / Seattle Center
Life on the Edge,Ongoing, Seattle Aquarium,Museums,Downtown
Life on the Edge,Ongoing, Seattle Aquarium,Museums,Downtown
Bailen,2/22/2024, The Crocodile,Music,Downtown
Bailen,2/22/2024, The Crocodile,Music,Downtown
Mayer Hawthorne,2/9/2024, The Neptune Theatre,Music,University District
Mayer Hawthorne,2/9/2024, The Neptune Theatre,Music,University District
Seattle Kraken vs. Columbus Blue Jackets,1/28/2024, Climate Pledge Arena,Sports,Queen Anne / Seattle Center
Seattle Kraken vs. Columbus Blue Jackets,1/28/2024, Climate Pledge Arena,Sports,Queen Anne / Seattle Center
Kazu Kibuishi with Donna Barba Higuera,2/6/2024, Town Hall Seattle,Readings & Lectures,Downtown
Kazu Kibuishi with Donna Barba Higuera,2/6/2024, Town Hall Seattle,Readings & Lectures,Downtown
Black and Boujee Panel Discussion,1/28/2024, Bainbridge Island Museum of Art,Readings & Lectures,West
Black and Boujee Panel Discussion,1/28/2024, Bainbridge Island Museum of Art,Readings & Lectures,West
Quixote Nuevo,Now through 2/11/2024, Seattle Rep,Theatre,Queen Anne / Seattle Center
Quixote Nuevo,Now through 2/11/2024, Seattle Rep,Theatre,Queen Anne / Seattle Center
Antonio M. Gomez: LINEAJES,Now through 3/10/2024, Frye Art Museum,Museums,Capitol Hill / Central District
Antonio M. Gomez: LINEAJES,Now through 3/10/2024, Frye Art Museum,Museums,Capitol Hill / Central District
Guitar Gallery,Ongoing, MoPOP Museum of Pop Culture,Museums,Queen Anne / Seattle Center
Guitar Gallery,Ongoing, MoPOP Museum of Pop Culture,Museums,Queen Anne / Seattle Center
Life on the Edge,Ongoing, Seattle Aquarium,Museums,Downtown
Life on the Edge,Ongoing, Seattle Aquarium,Museums,Downtown
Bailen,2/22/2024, The Crocodile,Music,Downtown
Bailen,2/22/2024, The Crocodile,Music,Downtown
Mayer Hawthorne,2/9/2024, The Neptune Theatre,Music,University District
Mayer Hawthorne,2/9/2024, The Neptune Theatre,Music,University District
Seattle Kraken vs. Columbus Blue Jackets,1/28/2024, Climate Pledge Arena,Sports,Queen Anne / Seattle Center
Seattle Kraken vs. Columbus Blue Jackets,1/28/2024, Climate Pledge Arena,Sports,Queen Anne / Seattle Center
Kazu Kibuishi with Donna Barba Higuera,2/6/2024, Town Hall Seattle,Readings & Lectures,Downtown
Kazu Kibuishi with Donna Barba Higuera,2/6/2024, Town Hall Seattle,Readings & Lectures,Downtown
Black and Boujee Panel Discussion,1/28/2024, Bainbridge Island Museum of Art,Readings & Lectures,West
Black and Boujee Panel Discussion,1/28/2024, Bainbridge Island Museum of Art,Readings & Lectures,West
Quixote Nuevo,Now through 2/11/2024, Seattle Rep,Theatre,Queen Anne / Seattle Center
Quixote Nuevo,Now through 2/11/2024, Seattle Rep,Theatre,Queen Anne / Seattle Center
Antonio M. Gomez: LINEAJES,Now through 3/10/2024, Frye Art Museum,Museums,Capitol Hill / Central District
Antonio M. Gomez: LINEAJES,Now through 3/10/2024, Frye Art Museum,Museums,Capitol Hill / Central District
Guitar Gallery,Ongoing, MoPOP Museum of Pop Culture,Museums,Queen Anne / Seattle Center
Guitar Gallery,Ongoing, MoPOP Museum of Pop Culture,Museums,Queen Anne / Seattle Center
Life on the Edge,Ongoing, Seattle Aquarium,Museums,Downtown
Life on the Edge,Ongoing, Seattle Aquarium,Museums,Downtown
Bailen,2/22/2024, The Crocodile,Music,Downtown
Bailen,2/22/2024, The Crocodile,Music,Downtown
Mayer Hawthorne,2/9/2024, The Neptune Theatre,Music,University District
Mayer Hawthorne,2/9/2024, The Neptune Theatre,Music,University District
Seattle Kraken vs. Columbus Blue Jackets,1/28/2024, Climate Pledge Arena,Sports,Queen Anne / Seattle Center
Seattle Kraken vs. Columbus Blue Jackets,1/28/2024, Climate Pledge Arena,Sports,Queen Anne / Seattle Center
Kazu Kibuishi with Donna Barba Higuera,2/6/2024, Town Hall Seattle,Readings & Lectures,Downtown
Kazu Kibuishi with Donna Barba Higuera,2/6/2024, Town Hall Seattle,Readings & Lectures,Downtown
Black and Boujee Panel Discussion,1/28/2024, Bainbridge Island Museum of Art,Readings & Lectures,West
Black and Boujee Panel Discussion,1/28/2024, Bainbridge Island Museum of Art,Readings & Lectures,West
Quixote Nuevo,Now through 2/11/2024, Seattle Rep,Theatre,Queen Anne / Seattle Center
Quixote Nuevo,Now through 2/11/2024, Seattle Rep,Theatre,Queen Anne / Seattle Center
Antonio M. Gomez: LINEAJES,Now through 3/10/2024, Frye Art Museum,Museums,Capitol Hill / Central District
Antonio M. Gomez: LINEAJES,Now through 3/10/2024, Frye Art Museum,Museums,Capitol Hill / Central District
Guitar Gallery,Ongoing, MoPOP Museum of Pop Culture,Museums,Queen Anne / Seattle Center
Guitar Gallery,Ongoing, MoPOP Museum of Pop Culture,Museums,Queen Anne / Seattle Center
Life on the Edge,Ongoing, Seattle Aquarium,Museums,Downtown
Life on the Edge,Ongoing, Seattle Aquarium,Museums,Downtown
Bailen,2/22/2024, The Crocodile,Music,Downtown
Bailen,2/22/2024, The Crocodile,Music,Downtown
Mayer Hawthorne,2/9/2024, The Neptune Theatre,Music,University District
Mayer Hawthorne,2/9/2024, The Neptune Theatre,Music,University District
Seattle Kraken vs. Columbus Blue Jackets,1/28/2024, Climate Pledge Arena,Sports,Queen Anne / Seattle Center
Seattle Kraken vs. Columbus Blue Jackets,1/28/2024, Climate Pledge Arena,Sports,Queen Anne / Seattle Center
Kazu Kibuishi with Donna Barba Higuera,2/6/2024, Town Hall Seattle,Readings & Lectures,Downtown
Kazu Kibuishi with Donna Barba Higuera,2/6/2024, Town Hall Seattle,Readings & Lectures,Downtown
Black and Boujee Panel Discussion,1/28/2024, Bainbridge Island Museum of Art,Readings & Lectures,West
Black and Boujee Panel Discussion,1/28/2024, Bainbridge Island Museum of Art,Readings & Lectures,West
Quixote Nuevo,Now through 2/11/2024, Seattle Rep,Theatre,Queen Anne / Seattle Center
Quixote Nuevo,Now through 2/11/2024, Seattle Rep,Theatre,Queen Anne / Seattle Center
Antonio M. Gomez: LINEAJES,Now through 3/10/2024, Frye Art Museum,Museums,Capitol Hill / Central District
Antonio M. Gomez: LINEAJES,Now through 3/10/2024, Frye Art Museum,Museums,Capitol Hill / Central District
Guitar Gallery,Ongoing, MoPOP Museum of Pop Culture,Museums,Queen Anne / Seattle Center
Guitar Gallery,Ongoing, MoPOP Museum of Pop Culture,Museums,Queen Anne / Seattle Center
Life on the Edge,Ongoing, Seattle Aquarium,Museums,Downtown
Life on the Edge,Ongoing, Seattle Aquarium,Museums,Downtown
Bailen,2/22/2024, The Crocodile,Music,Downtown
Bailen,2/22/2024, The Crocodile,Music,Downtown
Mayer Hawthorne,2/9/2024, The Neptune Theatre,Music,University District
Mayer Hawthorne,2/9/2024, The Neptune Theatre,Music,University District
Seattle Kraken vs. Columbus Blue Jackets,1/28/2024, Climate Pledge Arena,Sports,Queen Anne / Seattle Center
Seattle Kraken vs. Columbus Blue Jackets,1/28/2024, Climate Pledge Arena,Sports,Queen Anne / Seattle Center
Kazu Kibuishi with Donna Barba Higuera,2/6/2024, Town Hall Seattle,Readings & Lectures,Downtown
Kazu Kibuishi with Donna Barba Higuera,2/6/2024, Town Hall Seattle,Readings & Lectures,Downtown
Seattle Kraken vs. Detroit Red Wings,2/19/2024, Climate Pledge Arena,Sports,Queen Anne / Seattle Center
Seattle Kraken vs. Detroit Red Wings,2/19/2024, Climate Pledge Arena,Sports,Queen Anne / Seattle Center
Al Young’s 1970 Dodge Challenger Drag Racer,Now through 3/31/2024, Museum of History & Industry,Museums,Queen Anne / Seattle Center
Al Young’s 1970 Dodge Challenger Drag Racer,Now through 3/31/2024, Museum of History & Industry,Museums,Queen Anne / Seattle Center
Public Theatre,2/1/2024, Barboza,Music,Capitol Hill / Central District
Public Theatre,2/1/2024, Barboza,Music,Capitol Hill / Central District
The Budos Band,1/27/2024, The Showbox,Music,Downtown
The Budos Band,1/27/2024, The Showbox,Music,Downtown
The Daimonics,1/31/2024, The Royal Room,Music,South Seattle
The Daimonics,1/31/2024, The Royal Room,Music,South Seattle
Harlem Globetrotters 2024 World Tour –,1/26/2024, accesso ShoWare Center,Sports,South
Harlem Globetrotters 2024 World Tour –,1/26/2024, accesso ShoWare Center,Sports,South
Scott Bradlee’s Postmodern Jukebox,2/11/2024, The Paramount Theatre,Music,Downtown
Scott Bradlee’s Postmodern Jukebox,2/11/2024, The Paramount Theatre,Music,Downtown
Culture is Living,Ongoing, Burke Museum,Museums,University District
Culture is Living,Ongoing, Burke Museum,Museums,University District
Metaphor into Form: Art in the Era of the Pilchuck Glass School,Ongoing, Tacoma Art Museum,Museums,South
Metaphor into Form: Art in the Era of the Pilchuck Glass School,Ongoing, Tacoma Art Museum,Museums,South
Black and Boujee Panel Discussion,1/28/2024, Bainbridge Island Museum of Art,Readings & Lectures,West
Black and Boujee Panel Discussion,1/28/2024, Bainbridge Island Museum of Art,Readings & Lectures,West
Quixote Nuevo,Now through 2/11/2024, Seattle Rep,Theatre,Queen Anne / Seattle Center
Quixote Nuevo,Now through 2/11/2024, Seattle Rep,Theatre,Queen Anne / Seattle Center
Antonio M. Gomez: LINEAJES,Now through 3/10/2024, Frye Art Museum,Museums,Capitol Hill / Central District
Antonio M. Gomez: LINEAJES,Now through 3/10/2024, Frye Art Museum,Museums,Capitol Hill / Central District
Guitar Gallery,Ongoing, MoPOP Museum of Pop Culture,Museums,Queen Anne / Seattle Center
Guitar Gallery,Ongoing, MoPOP Museum of Pop Culture,Museums,Queen Anne / Seattle Center
Life on the Edge,Ongoing, Seattle Aquarium,Museums,Downtown
Life on the Edge,Ongoing, Seattle Aquarium,Museums,Downtown
Bailen,2/22/2024, The Crocodile,Music,Downtown
Bailen,2/22/2024, The Crocodile,Music,Downtown
Mayer Hawthorne,2/9/2024, The Neptune Theatre,Music,University District
Mayer Hawthorne,2/9/2024, The Neptune Theatre,Music,University District
Seattle Kraken vs. Columbus Blue Jackets,1/28/2024, Climate Pledge Arena,Sports,Queen Anne / Seattle Center
Seattle Kraken vs. Columbus Blue Jackets,1/28/2024, Climate Pledge Arena,Sports,Queen Anne / Seattle Center
Kazu Kibuishi with Donna Barba Higuera,2/6/2024, Town Hall Seattle,Readings & Lectures,Downtown
Kazu Kibuishi with Donna Barba Higuera,2/6/2024, Town Hall Seattle,Readings & Lectures,Downtown
Seattle Kraken vs. Detroit Red Wings,2/19/2024, Climate Pledge Arena,Sports,Queen Anne / Seattle Center
Seattle Kraken vs. Detroit Red Wings,2/19/2024, Climate Pledge Arena,Sports,Queen Anne / Seattle Center
Al Young’s 1970 Dodge Challenger Drag Racer,Now through 3/31/2024, Museum of History & Industry,Museums,Queen Anne / Seattle Center
Al Young’s 1970 Dodge Challenger Drag Racer,Now through 3/31/2024, Museum of History & Industry,Museums,Queen Anne / Seattle Center
Public Theatre,2/1/2024, Barboza,Music,Capitol Hill / Central District
Public Theatre,2/1/2024, Barboza,Music,Capitol Hill / Central District
The Budos Band,1/27/2024, The Showbox,Music,Downtown
The Budos Band,1/27/2024, The Showbox,Music,Downtown
The Daimonics,1/31/2024, The Royal Room,Music,South Seattle
The Daimonics,1/31/2024, The Royal Room,Music,South Seattle
Harlem Globetrotters 2024 World Tour –,1/26/2024, accesso ShoWare Center,Sports,South
Harlem Globetrotters 2024 World Tour –,1/26/2024, accesso ShoWare Center,Sports,South
Scott Bradlee’s Postmodern Jukebox,2/11/2024, The Paramount Theatre,Music,Downtown
Scott Bradlee’s Postmodern Jukebox,2/11/2024, The Paramount Theatre,Music,Downtown
Culture is Living,Ongoing, Burke Museum,Museums,University District
Culture is Living,Ongoing, Burke Museum,Museums,University District
Metaphor into Form: Art in the Era of the Pilchuck Glass School,Ongoing, Tacoma Art Museum,Museums,South
Metaphor into Form: Art in the Era of the Pilchuck Glass School,Ongoing, Tacoma Art Museum,Museums,South
Black and Boujee Panel Discussion,1/28/2024, Bainbridge Island Museum of Art,Readings & Lectures,West
Black and Boujee Panel Discussion,1/28/2024, Bainbridge Island Museum of Art,Readings & Lectures,West
Quixote Nuevo,Now through 2/11/2024, Seattle Rep,Theatre,Queen Anne / Seattle Center
Quixote Nuevo,Now through 2/11/2024, Seattle Rep,Theatre,Queen Anne / Seattle Center
Antonio M. Gomez: LINEAJES,Now through 3/10/2024, Frye Art Museum,Museums,Capitol Hill / Central District
Antonio M. Gomez: LINEAJES,Now through 3/10/2024, Frye Art Museum,Museums,Capitol Hill / Central District
Guitar Gallery,Ongoing, MoPOP Museum of Pop Culture,Museums,Queen Anne / Seattle Center
Guitar Gallery,Ongoing, MoPOP Museum of Pop Culture,Museums,Queen Anne / Seattle Center
Life on the Edge,Ongoing, Seattle Aquarium,Museums,Downtown
Life on the Edge,Ongoing, Seattle Aquarium,Museums,Downtown
Bailen,2/22/2024, The Crocodile,Music,Downtown
Bailen,2/22/2024, The Crocodile,Music,Downtown
Mayer Hawthorne,2/9/2024, The Neptune Theatre,Music,University District
Mayer Hawthorne,2/9/2024, The Neptune Theatre,Music,University District
Seattle Kraken vs. Columbus Blue Jackets,1/28/2024, Climate Pledge Arena,Sports,Queen Anne / Seattle Center
Seattle Kraken vs. Columbus Blue Jackets,1/28/2024, Climate Pledge Arena,Sports,Queen Anne / Seattle Center
Kazu Kibuishi with Donna Barba Higuera,2/6/2024, Town Hall Seattle,Readings & Lectures,Downtown
Kazu Kibuishi with Donna Barba Higuera,2/6/2024, Town Hall Seattle,Readings & Lectures,Downtown
Black and Boujee Panel Discussion,1/28/2024, Bainbridge Island Museum of Art,Readings & Lectures,West
Black and Boujee Panel Discussion,1/28/2024, Bainbridge Island Museum of Art,Readings & Lectures,West
Quixote Nuevo,Now through 2/11/2024, Seattle Rep,Theatre,Queen Anne / Seattle Center
Quixote Nuevo,Now through 2/11/2024, Seattle Rep,Theatre,Queen Anne / Seattle Center
Antonio M. Gomez: LINEAJES,Now through 3/10/2024, Frye Art Museum,Museums,Capitol Hill / Central District
Antonio M. Gomez: LINEAJES,Now through 3/10/2024, Frye Art Museum,Museums,Capitol Hill / Central District
Guitar Gallery,Ongoing, MoPOP Museum of Pop Culture,Museums,Queen Anne / Seattle Center
Guitar Gallery,Ongoing, MoPOP Museum of Pop Culture,Museums,Queen Anne / Seattle Center
Life on the Edge,Ongoing, Seattle Aquarium,Museums,Downtown
Life on the Edge,Ongoing, Seattle Aquarium,Museums,Downtown
Bailen,2/22/2024, The Crocodile,Music,Downtown
Bailen,2/22/2024, The Crocodile,Music,Downtown
Mayer Hawthorne,2/9/2024, The Neptune Theatre,Music,University District
Mayer Hawthorne,2/9/2024, The Neptune Theatre,Music,University District
Seattle Kraken vs. Columbus Blue Jackets,1/28/2024, Climate Pledge Arena,Sports,Queen Anne / Seattle Center
Seattle Kraken vs. Columbus Blue Jackets,1/28/2024, Climate Pledge Arena,Sports,Queen Anne / Seattle Center
Kazu Kibuishi with Donna Barba Higuera,2/6/2024, Town Hall Seattle,Readings & Lectures,Downtown
Kazu Kibuishi with Donna Barba Higuera,2/6/2024, Town Hall Seattle,Readings & Lectures,Downtown
Black and Boujee Panel Discussion,1/28/2024, Bainbridge Island Museum of Art,Readings & Lectures,West
Black and Boujee Panel Discussion,1/28/2024, Bainbridge Island Museum of Art,Readings & Lectures,West
Quixote Nuevo,Now through 2/11/2024, Seattle Rep,Theatre,Queen Anne / Seattle Center
Quixote Nuevo,Now through 2/11/2024, Seattle Rep,Theatre,Queen Anne / Seattle Center
Antonio M. Gomez: LINEAJES,Now through 3/10/2024, Frye Art Museum,Museums,Capitol Hill / Central District
Antonio M. Gomez: LINEAJES,Now through 3/10/2024, Frye Art Museum,Museums,Capitol Hill / Central District
Guitar Gallery,Ongoing, MoPOP Museum of Pop Culture,Museums,Queen Anne / Seattle Center
Guitar Gallery,Ongoing, MoPOP Museum of Pop Culture,Museums,Queen Anne / Seattle Center
Life on the Edge,Ongoing, Seattle Aquarium,Museums,Downtown
Life on the Edge,Ongoing, Seattle Aquarium,Museums,Downtown
Bailen,2/22/2024, The Crocodile,Music,Downtown
Bailen,2/22/2024, The Crocodile,Music,Downtown
Mayer Hawthorne,2/9/2024, The Neptune Theatre,Music,University District
Mayer Hawthorne,2/9/2024, The Neptune Theatre,Music,University District
Seattle Kraken vs. Columbus Blue Jackets,1/28/2024, Climate Pledge Arena,Sports,Queen Anne / Seattle Center
Seattle Kraken vs. Columbus Blue Jackets,1/28/2024, Climate Pledge Arena,Sports,Queen Anne / Seattle Center
Kazu Kibuishi with Donna Barba Higuera,2/6/2024, Town Hall Seattle,Readings & Lectures,Downtown
Kazu Kibuishi with Donna Barba Higuera,2/6/2024, Town Hall Seattle,Readings & Lectures,Downtown
Black and Boujee Panel Discussion,1/28/2024, Bainbridge Island Museum of Art,Readings & Lectures,West
Black and Boujee Panel Discussion,1/28/2024, Bainbridge Island Museum of Art,Readings & Lectures,West
Quixote Nuevo,Now through 2/11/2024, Seattle Rep,Theatre,Queen Anne / Seattle Center
Quixote Nuevo,Now through 2/11/2024, Seattle Rep,Theatre,Queen Anne / Seattle Center
Antonio M. Gomez: LINEAJES,Now through 3/10/2024, Frye Art Museum,Museums,Capitol Hill / Central District
Antonio M. Gomez: LINEAJES,Now through 3/10/2024, Frye Art Museum,Museums,Capitol Hill / Central District
Guitar Gallery,Ongoing, MoPOP Museum of Pop Culture,Museums,Queen Anne / Seattle Center
Guitar Gallery,Ongoing, MoPOP Museum of Pop Culture,Museums,Queen Anne / Seattle Center
Life on the Edge,Ongoing, Seattle Aquarium,Museums,Downtown
Life on the Edge,Ongoing, Seattle Aquarium,Museums,Downtown
Bailen,2/22/2024, The Crocodile,Music,Downtown
Bailen,2/22/2024, The Crocodile,Music,Downtown
Mayer Hawthorne,2/9/2024, The Neptune Theatre,Music,University District
Mayer Hawthorne,2/9/2024, The Neptune Theatre,Music,University District
Seattle Kraken vs. Columbus Blue Jackets,1/28/2024, Climate Pledge Arena,Sports,Queen Anne / Seattle Center
Seattle Kraken vs. Columbus Blue Jackets,1/28/2024, Climate Pledge Arena,Sports,Queen Anne / Seattle Center
Kazu Kibuishi with Donna Barba Higuera,2/6/2024, Town Hall Seattle,Readings & Lectures,Downtown
Kazu Kibuishi with Donna Barba Higuera,2/6/2024, Town Hall Seattle,Readings & Lectures,Downtown
Black and Boujee Panel Discussion,1/28/2024, Bainbridge Island Museum of Art,Readings & Lectures,West
Black and Boujee Panel Discussion,1/28/2024, Bainbridge Island Museum of Art,Readings & Lectures,West
Quixote Nuevo,Now through 2/11/2024, Seattle Rep,Theatre,Queen Anne / Seattle Center
Quixote Nuevo,Now through 2/11/2024, Seattle Rep,Theatre,Queen Anne / Seattle Center
Antonio M. Gomez: LINEAJES,Now through 3/10/2024, Frye Art Museum,Museums,Capitol Hill / Central District
Antonio M. Gomez: LINEAJES,Now through 3/10/2024, Frye Art Museum,Museums,Capitol Hill / Central District
Guitar Gallery,Ongoing, MoPOP Museum of Pop Culture,Museums,Queen Anne / Seattle Center
Guitar Gallery,Ongoing, MoPOP Museum of Pop Culture,Museums,Queen Anne / Seattle Center
Life on the Edge,Ongoing, Seattle Aquarium,Museums,Downtown
Life on the Edge,Ongoing, Seattle Aquarium,Museums,Downtown
Bailen,2/22/2024, The Crocodile,Music,Downtown
Bailen,2/22/2024, The Crocodile,Music,Downtown
Mayer Hawthorne,2/9/2024, The Neptune Theatre,Music,University District
Mayer Hawthorne,2/9/2024, The Neptune Theatre,Music,University District
Seattle Kraken vs. Columbus Blue Jackets,1/28/2024, Climate Pledge Arena,Sports,Queen Anne / Seattle Center
Seattle Kraken vs. Columbus Blue Jackets,1/28/2024, Climate Pledge Arena,Sports,Queen Anne / Seattle Center
Kazu Kibuishi with Donna Barba Higuera,2/6/2024, Town Hall Seattle,Readings & Lectures,Downtown
Kazu Kibuishi with Donna Barba Higuera,2/6/2024, Town Hall Seattle,Readings & Lectures,Downtown
